question,answer,category
What is personal colour analysis?,"It's a system that helps you find colours that complement your natural features like skin, hair, and eyes.",Basics
How do I know my season in colour analysis?,It's based on your undertones and contrastâ€”like warm vs cool and deep vs light.,Basics
What are warm undertones?,"Skin with yellow, peachy, or golden tones. Often tans easily.",Undertones
What are cool undertones?,"Skin with pink, red, or blue tones. Often burns before tanning.",Undertones
What colors suit warm undertones?,"Earthy colors like orange, coral, olive green, and gold.",Color Matching
What colors suit cool undertones?,"Jewel tones like emerald, sapphire, icy blue, and cool pink.",Color Matching
What is a Spring palette?,"Warm and light colors like peach, ivory, coral, mint green, and turquoise.",Seasonal Palettes
What is a Summer palette?,"Cool and soft colors like dusty rose, lavender, soft blue, and mauve.",Seasonal Palettes
What is an Autumn palette?,"Warm and deep colors like rust, mustard, olive, and terracotta.",Seasonal Palettes
What is a Winter palette?,"Cool and vivid colors like black, white, navy, cool red, and royal blue.",Seasonal Palettes
Can I wear black if I'm a Spring?,"You can, but softer shades like charcoal or dark brown may suit better.",Styling & Fashion
How do I determine my undertone?,"Check the veins on your wrist, how your skin reacts to sun, or try silver vs gold jewelry.",Undertones
Are neutral undertones a thing?,Yes! Neutral undertones look good in both warm and cool colors.,Undertones
Can your undertone change over time?,"Undertones are mostly genetic and stay the same, though surface tone can change.",Undertones
What if colors don't match typical season rules?,"You might be a 'flow' typeâe.g., soft autumn or bright spring. Some people blend categories.",Advanced Concepts
Do eye or hair color matter in PCA?,"Yes, they affect contrast level and guide your seasonal match.",Advanced Concepts
Is PCA just for women?,No âIt's personal color analysis applies to all genders.,Basics
Can I do PCA at home?,"Yes, but pro analysts use better lighting, draping, and calibrated tools.",DIY & Tools
Are online quizzes accurate?,"They can be a good starting point, but aren't as accurate as professional analysis.",DIY & Tools
Should I avoid all 'bad' colors?,Not necessarily. Use them wiselyâI maybe away from your face or in small doses.,Styling & Fashion
Can my eye color affect my season?,"Yes, eye color contributes to your contrast and helps refine your seasonal category.",Contrast & Harmony
Can PCA improve my confidence?,"Yes! Wearing colours that suit you often makes you look healthier, brighter, and more self-assured, which can positively impact your confidence.",Color Psychology
How does PCA help with online shopping?,"Knowing your palette helps you filter choices and buy flattering items more confidently, even without trying them on.",Styling & Fashion
What is the role of contrast in PCA?,"Contrast between your skin, eyes, and hair helps determine your ideal palette intensity and which colours enhance your natural look.",Contrast & Harmony
What are deep seasons in PCA?,"Deep Autumn and Deep Winter are deep seasons with rich, dark tones. They suit people with high contrast between their skin, hair, and eyes.",Seasonal Palettes
What are light seasons in PCA?,"Light Spring and Light Summer are light seasons, featuring soft and pale colouring that harmonizes with light skin, hair, and eyes.",Seasonal Palettes
Can I be a mix of two seasons?,"Yes, some people fall between seasons and are called blended or flow types.",Advanced Concepts
What is a soft autumn?,"A soft autumn has muted, warm features and suits soft, warm colours like dusty peach and olive.",Seasonal Palettes
What is a bright spring?,Bright spring is characterized by high contrast and warmthâ€”think clear coral and aqua.,Seasonal Palettes
What is the difference between cool summer and cool winter?,"Cool summer is softer and lighter, while cool winter has deeper, more vivid tones.",Seasonal Palettes
What is the difference between warm spring and warm autumn?,"Warm spring has lighter, brighter colours, while warm autumn has rich, earthy hues.",Seasonal Palettes
Do I need to avoid all colors not in my palette?,"No, you can use them as accents or away from your face.",Color Matching
What are the best neutral colors for cool undertones?,"Try charcoal, navy, cool taupe, and true white.",Color Matching
What are the best neutral colors for warm undertones?,"Warm neutrals like camel, ivory, and beige work well.",Color Matching
Can hair dye affect my season?,"It can influence perceived contrast, but your undertone remains the same.",Advanced Concepts
Can eye colour determine season?,Eye colour contributes to your overall palette but is only one part of the equation.,Advanced Concepts
How does personal colour analysis help with makeup?,"It guides you to choose flattering blush, eyeshadow, and lipstick shades.",Makeup
What lipstick shades suit warm undertones?,"Try coral, peach, and warm reds.",Makeup
What lipstick shades suit cool undertones?,"Berry, plum, and blue-based reds work well.",Makeup
Should my foundation match my undertone?,"Yes, choosing the right undertone in foundation creates a natural look.",Makeup
Is PCA useful for men?,"Yes, men can use it to choose clothing and accessories that complement them.",Basics
Can PCA help with shopping?,Definitelyâ€”it helps streamline choices and reduce decision fatigue.,Styling & Fashion
What are universal colors?,"They are shades that flatter most people, like teal, eggplant, and soft white.",Color Matching
How does PCA relate to color psychology?,Wearing your best colours can boost confidence and mood.,Color Psychology
What are high contrast vs low contrast individuals?,"High contrast means strong difference in skin, hair, and eyes; low contrast means softer transitions.",Contrast & Harmony
How can I drape myself at home?,Use coloured fabrics in natural light and observe which make your skin glow.,DIY & Tools
Is PCA cultural or ethnic-specific?,"No, it works across all skin tones and backgrounds.",Diversity & Inclusion
What lighting is best for PCA?,Natural daylight is ideal for accurate results.,DIY & Tools
How do I know if I'm bright or muted?,"Bright types look good in clear colours; muted types suit soft, blended ones.",Contrast & Harmony
Can undertones be olive?,"Yes, olive undertones are a mix of warm and cool and can be tricky to type.",Undertones
What is a True Spring?,"True Spring is warm, bright, and light â€” think daffodil yellow and watermelon.",Seasonal Palettes
What is a True Winter?,"True Winter is cool, deep, and high contrast â€” think icy blue and jet black.",Seasonal Palettes
What's the best way to start PCA?,"Begin with determining your undertone, then test seasonal palettes.",Basics
Can PCA help with wardrobe planning?,"Yes, it helps build a cohesive, flattering wardrobe.",Styling & Fashion
Is PCA the same as seasonal color theory?,They're related but PCA is based on seasonal color theory.,Basics
What are the benefits of PCA?,"It simplifies style, boosts confidence, and improves shopping efficiency.",Benefits
Can I use PCA for interior design?,"Yes, your palette can inspire your home's color scheme.",Creative Use
Do seasons work the same in different lighting?,"Colors can shift in artificial light, so test in daylight.",Lighting
Can glasses affect my perceived contrast?,"Yes, frames can change the visual contrast around your face.",Contrast & Harmony
Do accessories need to match my palette?,"Yes, especially those near your face like earrings and scarves.",Styling & Fashion
Is silver or gold better for warm skin?,Gold usually flatters warm undertones more.,Jewelry
Is silver or gold better for cool skin?,Silver flatters cool undertones.,Jewelry
Can I wear any color with the right makeup?,"Sometimes, but wearing your best colours is still easier.",Makeup
How often should I redo PCA?,Once is usually enough unless your appearance changes significantly.,Basics
What's the difference between bright spring and bright winter?,"Both are clear and bright, but bright spring is warm, bright winter is cool.",Seasonal Palettes
Can I be misdiagnosed in PCA?,"Yes, especially with bad lighting or untrained analysts.",DIY & Tools
What if I don't like my seasonal palette?,Try adapting with variations or blending palettes.,Styling & Fashion
Do eyebrows influence season?,They contribute to your contrast level.,Contrast & Harmony
What's the softest seasonal palette?,Soft Summer and Soft Autumn are the most muted.,Seasonal Palettes
Can children have seasons?,"Yes, but their coloring can shift as they grow.",Children & Aging
What if I tan easily but have cool undertones?,It's possible âMy undertones are not only about tanning.,Undertones
Can you be warm and have light eyes?,"Yes, eye color alone doesn't determine undertone.",Contrast & Harmony
What is a fan deck in PCA?,A collection of swatches for your season.,Tools
What are dominant traits in PCA?,"They define your core palette âif it is warm, cool, bright, muted, light, deep.",Advanced Concepts
What does harmonious mean in PCA?,Your colors blend naturally with your features.,Professionals
What is a color analyst?,A trained professional who performs PCA.,Hair
Can hair highlights affect PCA?,"Yes, they can affect perceived warmth and contrast.",DIY & Tools
What's a virtual PCA?,A color analysis done online using photos and digital tools.,Criticism
Is PCA pseudoscience?,"While not medical, it's a widely used style tool with visual impact.",DIY & Tools
What are draping sessions?,They involve testing colors on you to see what flatters.,Styling & Fashion
Can PCA work with fashion trends?,Yes â€” you can follow trends within your best color range.,Diversity & Inclusion
Are all black people winters?,No â€” undertones vary across all ethnicities.,Aging
Can PCA change with age?,"Your undertones remain, but your contrast may soften.",Undertones
What is neutral-warm or neutral-cool?,They are subtle blends leaning slightly warm or cool.,Styling & Fashion
What's a color capsule wardrobe?,A coordinated set of clothes using your seasonal palette.,Color Matching
What are cool browns?,"Browns with gray or taupe undertones, suitable for cool seasons.",Contrast & Harmony
What is a signature color?,"Your most flattering, confidence-boosting color.",Accessories
Can pale skin be warm?,Yes â€” skin depth isn't the same as undertone.,Jewelry
Do personality traits align with seasons?,"Some people feel they âoutmatchâ their seasonâ and vibe, but it's not scientific.",Jewelry
Can I change seasons with tanning?,"Tanning affects surface tone, not undertone.",Makeup
What is a 'flow' season?,"A mix between two seasons, like Light Spring flowing into Light Summer.",Advanced Concepts
What's the rarest season?,Bright Winter and Soft Summer are less common.,Frequency
Is PCA different for South Asians or East Asians?,It applies universally â€” focus on undertone and contrast.,Seasonal Palettes
What happens if I wear wrong colors?,"They may make you look dull, tired, or washed out.",DIY & Tools
What are light vs deep palettes?,Light palettes suit pale features; deep palettes suit rich tones.,Preferences
Do cool seasons wear black better?,"Yes, especially Winters.",Contrast & Harmony
Can I wear white as a warm season?,"Yes, choose ivory or cream over pure white.",Seasonal Palettes
How do you blend palettes?,Mix colours from neighboring seasons that share your traits.,Children & Aging
What's a neutral palette?,"It includes versatile base colors like beige, navy, taupe, and gray.",Undertones
Is it worth getting a professional PCA?,Yes â it's more accurate and insightful than guessing.,Contrast & Harmony
could you suggest any places where I can get my colour analysis done?,As of now I can't find places but will surely take any other questions ,